mysql> use p6;
Database changed
mysql> create table o_roll (rno int primary key, name varchar(20),addr varchar(30));
Query OK, 0 rows affected (0.01 sec)
 
mysql> create table n_roll (rno int , name varchar(20),addr varchar(30));
Query OK, 0 rows affected (0.01 sec)
 
mysql> insert into o_roll values(1,"Yash","pcmc");
Query OK, 1 row affected (0.01 sec)
 
mysql> insert into o_roll values(2,"Prtham","khadki");
Query OK, 1 row affected (0.01 sec)
 
mysql> insert into o_roll values(3,"Pranva","sangvi");
Query OK, 1 row affected (0.00 sec)
 
mysql> insert into o_roll values(4,"Mongosh","Pune");
Query OK, 1 row affected (0.00 sec)
 
mysql> select * from o_roll;
+-----+---------+--------+
| rno | name    | addr   |
+-----+---------+--------+
|   1 | Yash    | pcmc   |
|   2 | Prtham  | khadki |
|   3 | Pranva  | sangvi |
|   4 | Mongosh | Pune   |
+-----+---------+--------+
4 rows in set (0.00 sec)
 
mysql> insert into n_roll values(1,"Yash","pcmc");
Query OK, 1 row affected (0.00 sec)
 
mysql> insert into n_roll values(2,"Prtham","khadki");
Query OK, 1 row affected (0.00 sec)
 
mysql> insert into n_roll values(3,"Pranav","sangvi");
Query OK, 1 row affected (0.00 sec)
 
mysql> select * from n_roll;
+------+--------+--------+
| rno  | name   | addr   |
+------+--------+--------+
|    1 | Yash   | pcmc   |
|    2 | Prtham | khadki |
|    3 | Pranav | sangvi |
+------+--------+--------+
3 rows in set (0.00 sec)
 
mysql> delimiter //
mysql> create procedure n1(IN rno1 int)
    -> begin
    -> declare rno2 int;
    -> declare exit_cond boolean;
    -> declare c1 cursor for select rno from o_roll where rno>rno1;
    -> declare continue handler for not found set exit_cond=TRUE;
    -> open c1;
    -> l1:loop
    -> fetch c1 into rno2;
    -> if not exists(select * from n_roll where rno=rno2) then
    -> insert into n_roll select * from o_roll where rno=rno2;
    -> end if;
    -> if exit_cond then
    -> close c1;
    -> leave l1;
    -> end if;
    -> end loop l1;
    -> end;
    -> //
Query OK, 0 rows affected (0.01 sec)
 
mysql> delimiter ;
mysql> call n1(3);
Query OK, 0 rows affected (0.01 sec)
 
mysql> select * from n_roll;
+------+---------+--------+
| rno  | name    | addr   |
+------+---------+--------+
|    1 | Yash    | pcmc   |
|    2 | Prtham  | khadki |
|    3 | Pranav  | sangvi |
|    4 | Mongosh | Pune   |
+------+---------+--------+
4 rows in se